Handle,Title,Body (HTML),Vendor,Type,Tags,Published,Option1 Name,Option1 Value,Option2 Name,Option2 Value,Option3 Name,Option3 Value,Variant SKU,Variant Grams,Variant Inventory Tracker,Variant Inventory Qty,Variant Inventory Policy,Variant Fulfillment Service,Variant Price,Variant Compare At Price,Variant Requires Shipping,Variant Taxable,Variant Barcode,Image Src,Image Position,Image Alt Text,Gift Card,SEO Title,SEO Description,Google Shopping / Google Product Category,Google Shopping / Gender,Google Shopping / Age Group,Google Shopping / MPN,Google Shopping / Ad Group Name,Google Shopping / Ads Labels,Google Shopping / Condition,Google Shopping / Custom Product,Google Shopping / Custom Label 0,Google Shopping / Custom Label 1,Google Shopping / Custom Label 2,Google Shopping / Custom Label 3,Google Shopping / Custom Label 4
tam-that-bac-ha-giang-nguyen-chat,"Tam Thất Bắc Hà Giang Nguyên Chất 7 Năm Tuổi","<p><strong>Tam Thất Bắc Hà Giang Nguyên Chất 7 Năm Tuổi</strong> — được thu hái trực tiếp từ vùng núi đá cao 1.400m–1.800m thuộc Đồng Văn, Mèo Vạc, Hoàng Su Phì (Hà Giang). Củ trồng đủ 7 năm tuổi, xay mịn theo từng mẻ nhỏ giúp giữ trọn hương vị tự nhiên và hàm lượng Saponin cao (≥ 3,2%).</p><h3>Đặc Điểm Nổi Bật</h3><ul><li><strong>100% Nguyên Chất:</strong> Không pha trộn ngô sắn, không chất bảo quản, không sấy lưu huỳnh, không phụ gia tạo màu.</li><li><strong>Sơ Chế Truyền Thống:</strong> Phơi tự nhiên trên giàn tre trong gió núi Hà Giang 45–60 ngày và sấy lạnh bảo toàn dưỡng chất tối đa.</li><li><strong>Truy Xuất Nguồn Gốc QR:</strong> Tem chống hàng giả tích hợp QR code kiểm tra minh bạch vị trí vườn trồng và kết quả kiểm nghiệm QUATEST 3.</li><li><strong>Bao Bì Cao Cấp:</strong> Túi Kraft chống ẩm, nắp túi zip tiện bảo quản 18 tháng và di chuyển du lịch.</li></ul><h3>Bộ Sản Phẩm Bao Gồm</h3><ul><li>Túi Tam Thất Bắc Hà Giang xay mịn nguyên chất (100g / 300g / 500g).</li><li>Bao bì khóa zip chống ẩm tiêu chuẩn bảo quản dược liệu.</li><li>Hộp đựng quà tặng sang trọng lịch sự.</li><li>Thẻ hướng dẫn liều lượng và cách dùng chuẩn y học cổ truyền.</li></ul><h3>Hướng Dẫn Sử Dụng</h3><ol><li>Dùng 3–5g bột Tam Thất (khoảng 1 thìa cà phê nhỏ) vào cốc.</li><li>Rót 100–150ml nước ấm (60–70°C), khuấy đều cho tan hoàn toàn.</li><li>Uống vào buổi sáng trước khi ăn 30 phút hoặc buổi tối trước khi đi ngủ.</li><li>Có thể kết hợp với mật ong nguyên chất để tăng cường công dụng bồi bổ.</li></ol><h3>Cam Kết Từ Tam Thất Quân Nguyễn</h3><p>Cam kết hoàn tiền 100% trong vòng 30 ngày nếu phát hiện hàng giả, hàng kém chất lượng hoặc không hài lòng với sản phẩm.</p>","Tam Thất Quân Nguyễn","Dược Liệu Dưỡng Sinh","Tam Thất Bắc, Hà Giang, Nguyên Chất, Bột Tam Thất, Dưỡng Sinh, Y Học Cổ Truyền, Sức Khỏe, Quà Biếu Cao Cấp",TRUE,Gói,Gói Dùng Thử 100g,,,,,,TTB-100G,100,shopify,23,deny,manual,299000,450000,TRUE,TRUE,893850123401,1.png,1,"Tam Thất Bắc Hà Giang Nguyên Chất 7 Năm Tuổi",FALSE,"Tam Thất Bắc Hà Giang Nguyên Chất 7 Năm Tuổi - Bột Tam Thất Chuẩn","Bột Tam Thất Bắc nguyên chất 7 năm tuổi tuyển chọn từ Hà Giang. Xay mịn tự nhiên, bảo toàn hoạt chất Saponin.","Health & Beauty > Personal Care > Cosmetics",Unisex,Adult,TTB-100G,"Dược Liệu Dưỡng Sinh","Tam Thất Bắc, Quà Biếu",New,FALSE,Top Seller,,,,
tam-that-bac-ha-giang-nguyen-chat,,,,,,,Gói,Gói Gia Đình 300g,,,,,,TTB-300G,300,shopify,41,deny,manual,750000,900000,TRUE,TRUE,893850123402,2.png,2,"Lợi ích sức khỏe Tam Thất Bắc nguyên chất",,,,,,,,,,,,,,,,
tam-that-bac-ha-giang-nguyen-chat,,,,,,,Gói,Gói Tích Lũy 500g,,,,,,TTB-500G,500,shopify,15,deny,manual,1150000,1500000,TRUE,TRUE,893850123403,3.png,3,"Hộp quà Tam Thất Quân Nguyễn biếu tặng cao cấp",,,,,,,,,,,,,,,,
tam-that-bac-ha-giang-nguyen-chat,,,,,,,,,,,,,,,,,,,,,,,,4.png,4,"Nguyên liệu Tam Thất củ và trà nguyên chất",,,,,,,,,,,,,,,,
tam-that-bac-ha-giang-nguyen-chat,,,,,,,,,,,,,,,,,,,,,,,,5.png,5,"Quy cách đóng gói Tam Thất Quân Nguyễn và hộp quà",,,,,,,,,,,,,,,,
tam-that-bac-ha-giang-nguyen-chat,,,,,,,,,,,,,,,,,,,,,,,,6.png,6,"Quy trình sản xuất phơi sấy Tam Thất Bắc",,,,,,,,,,,,,,,,
tam-that-bac-ha-giang-nguyen-chat,,,,,,,,,,,,,,,,,,,,,,,,7.png,7,"Hướng dẫn pha Tam Thất với nước ấm và mật ong",,,,,,,,,,,,,,,,
tam-that-bac-ha-giang-nguyen-chat,,,,,,,,,,,,,,,,,,,,,,,,8.png,8,"Bột Tam Thất Quân Nguyễn đồng hành dưỡng sinh",,,,,,,,,,,,,,,,
tam-that-bac-ha-giang-nguyen-chat,,,,,,,,,,,,,,,,,,,,,,,,9.png,9,"Hình ảnh thực tế nguyên liệu Tam Thất Bắc Hà Giang",,,,,,,,,,,,,,,,
